<?xml version="1.0" encoding="UTF-8"?>
<!DOCTYPE mapper PUBLIC "-//mybatis.org/DTD Mapper 3.0//EN" "http://mybatis.org/dtd/mybatis-3-mapper.dtd" >

<mapper namespace="Payment_confirmMapper"> <!-- DAO에서 접근할때 사용되는 이름임 -->
	<resultMap type="Payment" id="resultpayment_confirm"> 
		<id property="payment_confirm_id" column="payment_confirm_id"/>
		<result property="payment_id" column="annual_id" />
		<result property="s_member_id0" column="s_member_id0" />
		<result property="s_member_id1" column="s_member_id1" />
		<result property="s_member_id2" column="s_member_id2" />
		<result property="confirm" column="confirm" />
	</resultMap>
	
	<insert id = "selectMember" parameterType="Payment" flushCache="true" statementType="PREPARED">
		insert into payment_confirm (payment_confirm_id,payment_id,s_member_id0,s_member_id1,s_member_id2 )
		values (
		SEQ_PAYMENT_CONFIRM.nextval,
		#{payment_id},
		#{s_member_id0},
		#{s_member_id1},
		#{s_member_id2}
		)
	</insert>
</mapper>
