<?xml version="1.0" encoding="UTF-8"?>
<!DOCTYPE mapper PUBLIC "-//mybatis.org/DTD Mapper 3.0//EN" "http://mybatis.org/dtd/mybatis-3-mapper.dtd" >
<mapper namespace="Schedules"> <!-- DAO에서 접근할때 사용되는 이름임 -->
	<resultMap type="Schedules" id="resultSchedules"> <!-- type = "xml의 별칭" -->
		<!-- property에는vo의 필드명, column에는 db table의 컬럼명 -->
		<id property="schedules_id" column="schedules_id"></id>
		<result property="id" column="id" />
		<result property="schedules_status" column="schedules_status" />
		<result property="schedules_std_date" column="schedules_std_date" />
		<result property="schedules_end_date" column="schedules_end_date" />
		<result property="schedules_name" column="schedules_name" />
		<result property="schedules_content" column="schedules_content" />
		<result property="schedules_color" column="schedules_color" />
		<result property="dept_no" column="dept_no" />
	</resultMap>
	
	<!-- 일정조회  -->
	<select id="schedulesList"  resultType="arraylist" resultMap="resultSchedules">
		SELECT * FROM SCHEDULES
	</select>
	<select id="schedulesDeptList" parameterType="string" resultType="arraylist" resultMap="resultSchedules">
		SELECT * FROM SCHEDULES where dept_no =#{type}
	</select>
	<select id="schedulesStList" parameterType="string" resultType="arraylist" resultMap="resultSchedules">
		SELECT * FROM SCHEDULES where schedules_status =#{type}
	</select>
	<!-- 일정등록  -->
	<insert id="insertSchedules" parameterType="Schedules" flushCache="true" statementType="PREPARED">
		INSERT INTO SCHEDULES VALUES(Schedules_SEQ.NEXTVAL,#{schedules_status},#{schedules_std_date},#{schedules_end_date},#{schedules_name},
			#{schedules_content},#{schedules_color},#{id},#{dept_no}
		)
	</insert>
	<!-- 일정수정  -->
	<update id="updateSchedules" parameterType="Schedules" flushCache="true" statementType="PREPARED">
		UPDATE SCHEDULES SET schedules_std_date=#{schedules_std_date},schedules_end_date=#{schedules_end_date},schedules_name=#{schedules_name},
			schedules_content=#{schedules_content} WHERE schedules_id=#{schedules_id}
	</update>
	<!-- 일정삭제  -->
	<delete id="deleteSchedules" parameterType="string" flushCache="true" statementType="PREPARED">
		delete schedules where schedules_id = #{scid}
	</delete>
</mapper>
